{"meta": {"format": 3, "version": "7.12.0", "timestamp": "2025-12-04T05:10:04.270826", "branch_coverage": true, "show_contexts": false}, "files": {"src/py/litestar_vite/codegen.py": {"executed_lines": [1, 8, 9, 10, 11, 12, 14, 15, 17, 21, 24, 25, 29, 43, 52, 53, 54, 65, 66, 67, 68, 69, 70, 73, 85, 89, 90, 93, 94, 97, 112, 116, 119, 122, 131, 134, 135, 137, 139, 142, 159, 161, 162, 163, 165, 168, 178, 181, 182, 183, 186, 189, 190, 195, 198, 199, 200, 201, 202, 206, 209, 212, 225, 228, 229, 233, 234, 235, 239, 240, 241, 242, 248, 249, 250, 251, 253, 254, 255, 256, 258, 261, 263, 264, 265, 266, 268, 269, 270, 271, 272, 274, 277, 279, 282, 285, 288, 289, 291, 292, 293, 294, 296, 297, 299, 300, 302, 303, 306, 307, 310, 315, 316, 318, 319, 320, 321, 323, 324, 325, 326, 328, 331, 349, 350, 352, 353, 357, 359, 361, 364, 367, 368, 369, 370, 373, 376, 377, 380, 383, 384, 387, 388, 389, 392, 394, 403, 405, 408, 428, 430, 432, 433, 438, 439, 440, 442, 445, 446, 448, 450, 454, 480, 490, 491, 493, 495, 496, 497, 500, 509, 512, 521, 524, 555, 558, 559, 560, 561, 563, 564, 565, 568, 569, 570, 571, 573, 574, 575, 577, 580, 581, 582, 583, 584, 585, 586, 587, 590, 592, 595, 596, 601, 602, 603, 604, 605, 606, 607, 608, 609, 610, 613, 615], "summary": {"covered_lines": 211, "num_statements": 234, "percent_covered": 87.13450292397661, "percent_covered_display": "87", "missing_lines": 23, "excluded_lines": 2, "percent_statements_covered": 90.17094017094017, "percent_statements_covered_display": "90", "num_branches": 108, "num_partial_branches": 21, "covered_branches": 87, "missing_branches": 21, "percent_branches_covered": 80.55555555555556, "percent_branches_covered_display": "81"}, "missing_lines": [49, 86, 113, 160, 164, 203, 207, 230, 236, 243, 245, 273, 275, 276, 278, 280, 295, 298, 304, 327, 354, 443, 589], "excluded_lines": [17, 18], "executed_branches": [[85, 89], [89, 90], [89, 93], [112, 116], [134, 135], [134, 139], [159, 161], [161, 162], [161, 163], [163, 165], [182, 183], [182, 186], [200, 201], [200, 206], [202, 206], [206, 209], [229, 233], [235, 239], [249, 250], [249, 258], [250, 251], [250, 253], [254, 249], [254, 255], [264, 265], [268, 269], [268, 270], [270, 271], [270, 272], [272, 274], [274, 277], [277, 279], [279, 282], [288, 289], [288, 291], [293, 294], [293, 307], [294, 296], [296, 293], [296, 297], [297, 299], [303, 306], [315, 316], [315, 318], [318, -310], [318, 319], [323, 324], [323, 325], [325, 326], [326, 328], [352, 353], [352, 405], [353, 357], [359, 352], [359, 361], [367, 368], [367, 369], [369, 370], [369, 373], [388, 389], [388, 392], [432, 433], [432, 450], [438, 439], [438, 442], [442, 445], [445, 446], [445, 448], [495, 496], [495, 497], [563, 564], [563, 613], [568, 569], [568, 577], [570, 571], [570, 575], [580, 581], [580, 592], [582, 583], [582, 590], [586, 587], [601, 602], [601, 604], [604, 605], [604, 607], [607, 608], [607, 609]], "missing_branches": [[85, 86], [112, 113], [159, 160], [163, 164], [202, 203], [206, 207], [229, 230], [235, 236], [264, 282], [272, 273], [274, 275], [277, 278], [279, 280], [294, 295], [297, 298], [303, 304], [325, 318], [326, 327], [353, 354], [442, 443], [586, 589]], "functions": {"_str_dict_factory": {"executed_lines": [], "summary": {"covered_lines": 0, "num_statements": 1, "percent_covered": 0.0, "percent_covered_display": "0", "missing_lines": 1, "excluded_lines": 0, "percent_statements_covered": 0.0, "percent_statements_covered_display": "0", "num_branches": 0, "num_partial_branches": 0, "covered_branches": 0, "missing_branches": 0, "percent_branches_covered": 100.0, "percent_branches_covered_display": "100"}, "missing_lines": [49], "excluded_lines": [], "executed_branches": [], "missing_branches": []}, "_is_system_type": {"executed_lines": [85, 89, 90, 93, 94], "summary": {"covered_lines": 5, "num_statements": 6, "percent_covered": 80.0, "percent_covered_display": "80", "missing_lines": 1, "excluded_lines": 0, "percent_statements_covered": 83.33333333333333, "percent_statements_covered_display": "83", "num_branches": 4, "num_partial_branches": 1, "covered_branches": 3, "missing_branches": 1, "percent_branches_covered": 75.0, "percent_branches_covered_display": "75"}, "missing_lines": [86], "excluded_lines": [], "executed_branches": [[85, 89], [89, 90], [89, 93]], "missing_branches": [[85, 86]]}, "_normalize_path": {"executed_lines": [112, 116, 119], "summary": {"covered_lines": 3, "num_statements": 4, "percent_covered": 66.66666666666667, "percent_covered_display": "67", "missing_lines": 1, "excluded_lines": 0, "percent_statements_covered": 75.0, "percent_statements_covered_display": "75", "num_branches": 2, "num_partial_branches": 1, "covered_branches": 1, "missing_branches": 1, "percent_branches_covered": 50.0, "percent_branches_covered_display": "50"}, "missing_lines": [113], "excluded_lines": [], "executed_branches": [[112, 116]], "missing_branches": [[112, 113]]}, "_extract_path_params": {"executed_lines": [131, 134, 135, 137, 139], "summary": {"covered_lines": 5, "num_statements": 5, "percent_covered": 100.0, "percent_covered_display": "100", "missing_lines": 0, "excluded_lines": 0, "percent_statements_covered": 100.0, "percent_statements_covered_display": "100", "num_branches": 2, "num_partial_branches": 0, "covered_branches": 2, "missing_branches": 0, "percent_branches_covered": 100.0, "percent_branches_covered_display": "100"}, "missing_lines": [], "excluded_lines": [], "executed_branches": [[134, 135], [134, 139]], "missing_branches": []}, "_should_skip_param": {"executed_lines": [159, 161, 162, 163, 165], "summary": {"covered_lines": 5, "num_statements": 7, "percent_covered": 69.23076923076923, "percent_covered_display": "69", "missing_lines": 2, "excluded_lines": 0, "percent_statements_covered": 71.42857142857143, "percent_statements_covered_display": "71", "num_branches": 6, "num_partial_branches": 2, "covered_branches": 4, "missing_branches": 2, "percent_branches_covered": 66.66666666666667, "percent_branches_covered_display": "67"}, "missing_lines": [160, 164], "excluded_lines": [], "executed_branches": [[159, 161], [161, 162], [161, 163], [163, 165]], "missing_branches": [[159, 160], [163, 164]]}, "_process_field_definition": {"executed_lines": [178, 181, 182, 183, 186, 189, 190, 195, 198, 199, 200, 201, 202, 206, 209], "summary": {"covered_lines": 15, "num_statements": 17, "percent_covered": 84.0, "percent_covered_display": "84", "missing_lines": 2, "excluded_lines": 0, "percent_statements_covered": 88.23529411764706, "percent_statements_covered_display": "88", "num_branches": 8, "num_partial_branches": 2, "covered_branches": 6, "missing_branches": 2, "percent_branches_covered": 75.0, "percent_branches_covered_display": "75"}, "missing_lines": [203, 207], "excluded_lines": [], "executed_branches": [[182, 183], [182, 186], [200, 201], [200, 206], [202, 206], [206, 209]], "missing_branches": [[202, 203], [206, 207]]}, "_extract_query_params": {"executed_lines": [225, 228, 229, 233, 234, 235, 239, 240, 241, 242, 248, 249, 250, 251, 253, 254, 255, 256, 258], "summary": {"covered_lines": 19, "num_statements": 23, "percent_covered": 81.81818181818181, "percent_covered_display": "82", "missing_lines": 4, "excluded_lines": 0, "percent_statements_covered": 82.6086956521739, "percent_statements_covered_display": "83", "num_branches": 10, "num_partial_branches": 2, "covered_branches": 8, "missing_branches": 2, "percent_branches_covered": 80.0, "percent_branches_covered_display": "80"}, "missing_lines": [230, 236, 243, 245], "excluded_lines": [], "executed_branches": [[229, 233], [235, 239], [249, 250], [249, 258], [250, 251], [250, 253], [254, 249], [254, 255]], "missing_branches": [[229, 230], [235, 236]]}, "_ts_type_from_openapi": {"executed_lines": [263, 264, 265, 266, 268, 269, 270, 271, 272, 274, 277, 279, 282], "summary": {"covered_lines": 13, "num_statements": 18, "percent_covered": 68.75, "percent_covered_display": "69", "missing_lines": 5, "excluded_lines": 0,